Country,GDP_perc,Case_death_ratio
Austria,176.8957535,38.49
Portugal,109.7194503,45.77
Thailand,58.49642028,70.27
Greece,93.54804051,65.04
Iran,41.56641608,191.31
Indonesia,37.54879585,243.55
Italy,134.3558622,75.9
Mexico,62.40334433,464.49
India,20.94436866,118.78
